"Reporting starts","Reporting ends","Ad name","Ad delivery",Results,"Result indicator","Cost per results","Ad set budget","Ad set budget type","Amount spent (ILS)",Impressions,Reach,Ends,"Attribution setting",Bid,"Bid type","Last significant edit","Quality ranking","Engagement rate ranking","Conversion rate ranking","Ad set name"
2022-12-01,2026-01-01,"Post: ‎""‎""לפגוע באחר זה לפגוע בעצמך. לעמוד מול כוחניות...‎""‎",archived,1,actions:onsite_conversion.messaging_conversation_started_7d,50,"Using campaign budget",0,50,1797,1211,2023-04-28,"7-day click or 1-day view",0,ABSOLUTE_OCPM,0,-,-,-,"Post: ‎""‎""לפגוע באחר זה לפגוע בעצמך. לעמוד מול כוחניות...‎""‎"
2022-12-01,2026-01-01,"Post: ""“To injure an opponent is to injure yourself. To...""",archived,1,actions:onsite_conversion.messaging_conversation_started_7d,50,"Using campaign budget",0,50,2507,1537,2023-04-28,"7-day click or 1-day view",0,ABSOLUTE_OCPM,0,-,-,-,"Post: ""“To injure an opponent is to injure yourself. To..."""
2022-12-01,2026-01-01,"Post: """"Aikido - это не только боевое искусство, но и...""",archived,1,actions:onsite_conversion.messaging_conversation_started_7d,50,"Using campaign budget",0,50,1888,1193,2023-04-28,"7-day click or 1-day view",0,ABSOLUTE_OCPM,0,-,-,-,"Post: """"Aikido - это не только боевое искусство, но и..."""
2022-12-01,2026-01-01,"Post: ‎""‎ان تؤذي او تصيب خصمك يعني ان تأذي نفسك ،لكن ان...‎""‎",archived,,,,"Using campaign budget",0,50,1997,1136,2023-04-28,"7-day click or 1-day view",0,ABSOLUTE_OCPM,0,-,-,-,"Post: ‎""‎ان تؤذي او تصيب خصمك يعني ان تأذي نفسك ،لكن ان...‎""‎"
2022-12-01,2026-01-01,"Post: ‎""‎""לפגוע באחר זה לפגוע בעצמך. לעמוד מול כוחניות...‎""‎",archived,2,actions:onsite_conversion.messaging_conversation_started_7d,50,"Using campaign budget",0,100,4042,2559,2023-05-02,"7-day click or 1-day view",0,ABSOLUTE_OCPM,0,-,-,-,"Post: ‎""‎""לפגוע באחר זה לפגוע בעצמך. לעמוד מול כוחניות...‎""‎"
2022-12-01,2026-01-01,"Post: ‎""‎ان تؤذي او تصيب خصمك يعني ان تأذي نفسك ،لكن ان...‎""‎",archived,3,actions:onsite_conversion.messaging_conversation_started_7d,33.33,"Using campaign budget",0,99.99,5001,2587,2023-05-03,"7-day click or 1-day view",0,ABSOLUTE_OCPM,0,-,-,-,"Post: ‎""‎ان تؤذي او تصيب خصمك يعني ان تأذي نفسك ،لكن ان...‎""‎"
2022-12-01,2026-01-01,"פרסום: ‏""‏""לפגוע באחר זה לפגוע בעצמך. למנוע כוחניות מבלי...‏""‏",archived,13,actions:onsite_conversion.messaging_conversation_started_7d,23.07692308,"Using campaign budget",0,300,32036,11635,2023-10-29,"7-day click or 1-day view",0,ABSOLUTE_OCPM,0,-,-,-,"פרסום: ‏""‏""לפגוע באחר זה לפגוע בעצמך. למנוע כוחניות מבלי...‏""‏"
2022-12-01,2026-01-01,"פרסום: ‏""‏""לפגוע באחר זה לפגוע בעצמך. למנוע כוחניות מבלי...‏""‏",archived,4,actions:onsite_conversion.messaging_conversation_started_7d,49.9975,"Using campaign budget",0,199.99,17674,6368,2023-10-29,"7-day click or 1-day view",0,ABSOLUTE_OCPM,0,-,-,-,"פרסום: ‏""‏""לפגוע באחר זה לפגוע בעצמך. למנוע כוחניות מבלי...‏""‏"
2022-12-01,2026-01-01,"פרסום: ‏""‏‎“To injure an opponent is to injure yourself. To...‎‏""‏",archived,10,actions:click_to_call_native_call_placed,20,"Using campaign budget",0,200,41539,8601,2023-10-29,"7-day click or 1-day view",0,ABSOLUTE_OCPM,0,-,-,-,"פרסום: ‏""‏‎“To injure an opponent is to injure yourself. To...‎‏""‏"
2022-12-01,2026-01-01,"פרסום: ‏""‏בתקופה המטורפת הזאת, חשוב לטפל בעצמנו, לזוז,...‏""‏",archived,257,actions:post_engagement,0.77821012,"Using campaign budget",0,200,48359,23709,2023-11-02,"7-day click or 1-day view",0,ABSOLUTE_OCPM,0,-,-,-,"פרסום: ‏""‏בתקופה המטורפת הזאת, חשוב לטפל בעצמנו, לזוז,...‏""‏"
2022-12-01,2026-01-01,"אירוע: ‏סדנת היכרות עם אייקידו‏",archived,12,actions:rsvp,12.4975,"Using campaign budget",0,149.97,11579,7474,2024-05-23,"7-day click or 1-day view",0,ABSOLUTE_OCPM,0,-,-,-,"אירוע: ‏סדנת היכרות עם אייקידו‏"
2022-12-01,2026-01-01,"Mens Ad B",active,19,actions:leadgen.other,36.44631579,30,Daily,692.48,46471,13644,Ongoing,"7-day click or 1-day view",0,ABSOLUTE_OCPM,2025-11-27T22:49:24-0800,Average,Average,Average,"Mens Ad Set"
2022-12-01,2026-01-01,"Mens Ad A",active,11,actions:leadgen.other,47.44,30,Daily,521.84,28784,9357,Ongoing,"7-day click or 1-day view",0,ABSOLUTE_OCPM,2025-11-27T22:49:24-0800,Average,Average,Average,"Mens Ad Set"
2022-12-01,2026-01-01,"Womens Ad A",active,17,actions:leadgen.other,38.30882353,30,Daily,651.25,32774,10364,Ongoing,"7-day click or 1-day view",0,ABSOLUTE_OCPM,2025-10-18T01:16:05-0700,Average,"Below average - Bottom 35% of ads",Average,"Womens Ad Set"
2022-12-01,2026-01-01,"Womens Ad B",inactive,4,actions:leadgen.other,72.7075,30,Daily,290.83,9278,4090,Ongoing,"7-day click or 1-day view",0,ABSOLUTE_OCPM,2025-10-18T01:16:05-0700,-,-,-,"Womens Ad Set"
2022-12-01,2026-01-01,"Womens Ad C",inactive,,,,30,Daily,64.97,2000,1082,Ongoing,"7-day click or 1-day view",0,ABSOLUTE_OCPM,2025-10-18T01:16:05-0700,-,-,-,"Womens Ad Set"
2022-12-01,2026-01-01,"Womens Ad D",active,12,actions:leadgen.other,60.01666667,30,Daily,720.2,28050,9220,Ongoing,"7-day click or 1-day view",0,ABSOLUTE_OCPM,2025-10-18T01:16:05-0700,Average,Average,Average,"Womens Ad Set"
2022-12-01,2026-01-01,"Womens Ad E",inactive,1,actions:leadgen.other,85.04,30,Daily,85.04,2781,1520,Ongoing,"7-day click or 1-day view",0,ABSOLUTE_OCPM,2025-10-18T01:16:05-0700,-,-,-,"Womens Ad Set"
2022-12-01,2026-01-01,"Womens Ad F",inactive,1,actions:leadgen.other,74.85,30,Daily,74.85,2414,1562,Ongoing,"7-day click or 1-day view",0,ABSOLUTE_OCPM,2025-10-18T01:16:05-0700,-,-,-,"Womens Ad Set"
2022-12-01,2026-01-01,"Mens Ad C",inactive,7,actions:leadgen.other,44.25,30,Daily,309.75,20638,7324,Ongoing,"7-day click or 1-day view",0,ABSOLUTE_OCPM,2025-11-27T22:49:24-0800,-,-,-,"Mens Ad Set"
2022-12-01,2026-01-01,"Womens Ad G",inactive,6,actions:leadgen.other,61.545,30,Daily,369.27,14614,6094,Ongoing,"7-day click or 1-day view",0,ABSOLUTE_OCPM,2025-10-18T01:16:05-0700,-,-,-,"Womens Ad Set"
2022-12-01,2026-01-01,"Mens Ad D",inactive,1,actions:leadgen.other,95.37,30,Daily,95.37,5302,2686,Ongoing,"7-day click or 1-day view",0,ABSOLUTE_OCPM,2025-11-27T22:49:24-0800,-,-,-,"Mens Ad Set"
2022-12-01,2026-01-01,"Mens Ad E",inactive,2,actions:leadgen.other,105.345,30,Daily,210.69,11901,5356,Ongoing,"7-day click or 1-day view",0,ABSOLUTE_OCPM,2025-11-27T22:49:24-0800,-,-,-,"Mens Ad Set"
2022-12-01,2026-01-01,"Womens Ad H",inactive,,,,30,Daily,146.13,6476,2850,Ongoing,"7-day click or 1-day view",0,ABSOLUTE_OCPM,2025-10-18T01:16:05-0700,-,-,-,"Womens Ad Set"
2022-12-01,2026-01-01,"Womens Ad J",inactive,3,actions:leadgen.other,73.09333333,30,Daily,219.28,11363,5255,Ongoing,"7-day click or 1-day view",0,ABSOLUTE_OCPM,2025-10-18T01:16:05-0700,-,-,-,"Womens Ad Set"
2022-12-01,2026-01-01,"Womens Ad I",inactive,3,actions:leadgen.other,72.96333333,30,Daily,218.89,9871,4127,Ongoing,"7-day click or 1-day view",0,ABSOLUTE_OCPM,2025-10-18T01:16:05-0700,-,-,-,"Womens Ad Set"
2022-12-01,2026-01-01,"Mens Ad F",inactive,1,actions:leadgen.other,105.02,30,Daily,105.02,6513,3990,Ongoing,"7-day click or 1-day view",0,ABSOLUTE_OCPM,2025-11-27T22:49:24-0800,-,-,-,"Mens Ad Set"
2022-12-01,2026-01-01,"Mens Ad G",inactive,,,,30,Daily,118.94,5753,3390,Ongoing,"7-day click or 1-day view",0,ABSOLUTE_OCPM,2025-11-27T22:49:24-0800,-,-,-,"Mens Ad Set"
2022-12-01,2026-01-01,"Womens Ad K",inactive,,,,30,Daily,54.76,2305,1566,Ongoing,"7-day click or 1-day view",0,ABSOLUTE_OCPM,2025-10-18T01:16:05-0700,-,-,-,"Womens Ad Set"
2022-12-01,2026-01-01,"Mens Ad H",inactive,2,actions:leadgen.other,103.24,30,Daily,206.48,13834,5603,Ongoing,"7-day click or 1-day view",0,ABSOLUTE_OCPM,2025-11-27T22:49:24-0800,-,-,-,"Mens Ad Set"
2022-12-01,2026-01-01,"Mens Ad I",inactive,,,,30,Daily,1.27,86,79,Ongoing,"7-day click or 1-day view",0,ABSOLUTE_OCPM,2025-11-27T22:49:24-0800,-,-,-,"Mens Ad Set"
2022-12-01,2026-01-01,"Mens Ad J",inactive,8,actions:leadgen.other,50.67875,30,Daily,405.43,22302,8565,Ongoing,"7-day click or 1-day view",0,ABSOLUTE_OCPM,2025-11-27T22:49:24-0800,-,-,-,"Mens Ad Set"
2022-12-01,2026-01-01,"Mens Ad K",inactive,,,,30,Daily,131.84,7281,3572,Ongoing,"7-day click or 1-day view",0,ABSOLUTE_OCPM,2025-11-27T22:49:24-0800,-,-,-,"Mens Ad Set"
2022-12-01,2026-01-01,"Womens Ad L",inactive,1,actions:leadgen.other,147.46,30,Daily,147.46,5675,3222,Ongoing,"7-day click or 1-day view",0,ABSOLUTE_OCPM,2025-10-18T01:16:05-0700,-,-,-,"Womens Ad Set"
2022-12-01,2026-01-01,"Mens Ad M",inactive,4,actions:leadgen.other,71.455,30,Daily,285.82,15439,6816,Ongoing,"7-day click or 1-day view",0,ABSOLUTE_OCPM,2025-11-27T22:49:24-0800,-,-,-,"Mens Ad Set"
2022-12-01,2026-01-01,"Womens Ad M",inactive,4,actions:leadgen.other,70.4575,30,Daily,281.83,11903,5128,Ongoing,"7-day click or 1-day view",0,ABSOLUTE_OCPM,2025-10-18T01:16:05-0700,-,-,-,"Womens Ad Set"
