campaign,ad_name,run_start_week,run_end_week,weeks_in_run,run_spend,run_leads,run_cpl
W,M 2603_2,2026-W11,2026-W12,2,139.81,1,139.81
W,W 2026-W06 1,2026-W08,2026-W08,1,0.0,0,
W,W 2026-W06 2,2026-W09,2026-W09,1,63.9,0,
W,W 2602_3,2026-W07,2026-W07,1,140.09,2,70.045
W,W 2602_4,2026-W17,2026-W17,1,82.96,0,
W,W 2603_1,2026-W37,2026-W37,1,0.27,0,
W,W 2603_2,2026-W21,2026-W23,3,321.52,2,160.76
W,W 2603_3,2026-W12,2026-W12,1,9.0,0,
W,W 2603_4,2026-W13,2026-W16,4,301.62,5,60.324
W,W 2605_1,2026-W20,2026-W23,4,310.68,6,51.78
W,W 2606_1,2026-W26,2026-W30,5,996.4699999999999,16,62.279374999999995
W,W 2607_1,2026-W31,2026-W33,3,540.6700000000001,4,135.16750000000002
W,W 2609_1,2026-W36,2026-W36,1,74.73,0,
W,Womens Ad A,2026-W34,2026-W35,2,334.1,6,55.68333333333334
W,Womens Ad B,2025-W31,2025-W33,3,275.59000000000003,4,68.89750000000001
W,Womens Ad C,2025-W31,2025-W33,3,52.99,0,
W,Womens Ad D,2026-W18,2026-W18,1,118.67,1,118.67
W,Womens Ad E,2025-W34,2025-W34,1,80.59,1,80.59
W,Womens Ad F,2025-W35,2025-W35,1,74.85,1,74.85
W,Womens Ad G,2026-W35,2026-W37,3,396.98,16,24.81125
W,Womens Ad H,2025-W38,2025-W39,2,158.07,0,
W,Womens Ad I,2025-W39,2025-W40,2,248.11999999999998,3,82.70666666666666
W,Womens Ad J,2026-W19,2026-W20,2,158.13,0,
W,Womens Ad K,2025-W41,2025-W42,2,65.81,0,
W,Womens Ad L,2025-W49,2025-W49,1,147.46,1,147.46
W,Womens Ad M,2025-W50,2025-W51,2,287.05,4,71.7625
W,Womens Ad N,2026-W02,2026-W03,2,185.44,3,61.81333333333333
W,Womens Ad O,2026-W02,2026-W03,2,116.99000000000001,2,58.495000000000005
W,Womens Ad P,2026-W24,2026-W25,2,295.17,2,147.585
W,Womens Ad Q,2026-W04,2026-W04,1,124.08,2,62.04
M,M 2602_1,2026-W09,2026-W10,2,285.32,4,71.33
M,M 2603_1,2026-W11,2026-W12,2,253.48999999999998,4,63.372499999999995
M,M 2603_3,2026-W13,2026-W14,2,148.29,2,74.145
M,M 2604_1,2026-W18,2026-W18,1,200.84,1,200.84
M,M 2605_1,2026-W21,2026-W24,4,207.13,4,51.7825
M,M 2607_1,2026-W31,2026-W33,3,522.1099999999999,12,43.50916666666666
M,M 2609_1,2026-W36,2026-W37,2,163.41000000000003,4,40.852500000000006
M,Mens Ad A,2026-W25,2026-W33,9,53.68000000000001,0,
M,Mens Ad B,2026-W34,2026-W36,3,365.17999999999995,8,45.647499999999994
M,Mens Ad C,2025-W35,2025-W40,6,365.58,5,73.116
M,Mens Ad D,2025-W36,2025-W36,1,95.37,1,95.37
M,Mens Ad E,2025-W40,2025-W40,1,103.58,1,103.58
M,Mens Ad F,2025-W41,2025-W41,1,105.2,1,105.2
M,Mens Ad G,2025-W41,2025-W41,1,118.94,0,
M,Mens Ad H,2025-W42,2025-W43,2,229.95999999999998,3,76.65333333333332
M,Mens Ad J,2026-W37,2026-W37,1,118.73,4,29.6825
M,Mens Ad K,2025-W50,2025-W51,2,125.47999999999999,0,
M,Mens Ad M,2025-W49,2025-W51,3,305.73,4,76.4325
M,Mens Ad N,2026-W19,2026-W20,2,223.32,3,74.44
M,Mens Ad O,2026-W06,2026-W07,2,114.0,1,114.0
