headline_id,headline_text,spend,leads,ads,cpl
10,"כוח שקט, שליטה ברגע",3711.3099999999995,68,1,54.57808823529411
4,לנער את השגרה,3115.0699999999997,55,6,56.63763636363636
19,"עוצמה, רוגע, ובטחון עצמי",2087.12,35,5,59.632
13,"גוף חזק, ראש רגוע",2806.6200000000003,47,6,59.715319148936175
25,מרחב שקט לעצמך,363.49,6,2,60.58166666666667
14,תנועה. עוצמה. חיוך.,326.06,5,1,65.212
2,ללמוד לשלוט ברגע,3054.3399999999997,46,7,66.39869565217391
28,כוח רגוע מבפנים,285.32,4,1,71.33
24,כוח שקט. ביטחון בתנועה,287.05,4,1,71.7625
12,חוזק שקט. שליטה בתנועה.,305.73,4,1,76.4325
8,כוח שקט ללא מאבק,229.95999999999998,3,1,76.65333333333332
6,"תנועה, זרימה, חיבור",1535.66,20,3,76.783
32,שליטה ברגע. לא בכוח.,166.41,2,1,83.205
29,משהו חדש לגוף ולראש,419.76,5,1,83.952
27,לנער את הרגע,190.39,2,1,95.195
7,"עוצמה, איזון, בטחון עצמי",401.66999999999996,4,3,100.41749999999999
22,עוצמה מתחילה בהקשבה,313.92999999999995,3,2,104.64333333333332
21,"כוח, שלווה, וביטחון פנימי",658.34,6,2,109.72333333333334
31,ללמוד לזוז אחרת,1019.6899999999999,8,1,127.46124999999999
23,חזקה. רגועה. בטוחה.,147.46,1,1,147.46
30,שקט במצבי לחץ,232.02,1,1,232.02
11,עוצמה דרך חיבור,125.47999999999999,0,1,
33,עוצמה מתוך שליטה,74.73,0,1,
15,בשבילך כי מגיע לך,70.61,0,1,
